nx,iterations,cpu_seconds
20,25,0.009901
40,37,0.069778
60,80,0.392964
80,114,0.929321
100,166,2.111324
120,201,3.728057
