nx,iterations,cpu_seconds
20,28,0.014829
40,71,0.153655
60,121,0.565364
80,190,1.609406
100,248,3.272364
120,326,6.241371
